cluster,count,percentage,age,bmi,children,charges
0,2272,81.96,38.32306338028169,30.285008802816897,1.079225352112676,8378.63581905722
1,500,18.04,42.684,32.5932,1.204,35448.51389115999
